USE subastas;

INSERT INTO caj_paises (nombre, nacionalidad) VALUES ('afganistán', 'afgano');
INSERT INTO caj_paises (nombre, nacionalidad) VALUES ('alemania', 'alemán');
INSERT INTO caj_paises (nombre, nacionalidad) VALUES ('arabia saudita', 'saudí');
INSERT INTO caj_paises (nombre, nacionalidad) VALUES ('argentina', 'argentino');
INSERT INTO caj_paises (nombre, nacionalidad) VALUES ('australia', 'australiano');
INSERT INTO caj_paises (nombre, nacionalidad) VALUES ('bélgica', 'belga');
INSERT INTO caj_paises (nombre, nacionalidad) VALUES ('bolivia', 'boliviano');
INSERT INTO caj_paises (nombre, nacionalidad) VALUES ('brasil', 'brasileño');
INSERT INTO caj_paises (nombre, nacionalidad) VALUES ('camboya', 'camboyano');
INSERT INTO caj_paises (nombre, nacionalidad) VALUES ('canadá', 'canadiense');
INSERT INTO caj_paises (nombre, nacionalidad) VALUES ('chile', 'chileno');
INSERT INTO caj_paises (nombre, nacionalidad) VALUES ('china', 'chino');
INSERT INTO caj_paises (nombre, nacionalidad) VALUES ('colombia', 'colombiano');
INSERT INTO caj_paises (nombre, nacionalidad) VALUES ('corea', 'coreano');
INSERT INTO caj_paises (nombre, nacionalidad) VALUES ('costa rica', 'costarricense');
INSERT INTO caj_paises (nombre, nacionalidad) VALUES ('cuba', 'cubano');
INSERT INTO caj_paises (nombre, nacionalidad) VALUES ('dinamarca', 'danés');
INSERT INTO caj_paises (nombre, nacionalidad) VALUES ('ecuador', 'ecuatoriano');
INSERT INTO caj_paises (nombre, nacionalidad) VALUES ('egipto', 'egipcio');
INSERT INTO caj_paises (nombre, nacionalidad) VALUES ('el salvador', 'salvadoreño');
INSERT INTO caj_paises (nombre, nacionalidad) VALUES ('escocia', 'escocés');
INSERT INTO caj_paises (nombre, nacionalidad) VALUES ('españa', 'español');
INSERT INTO caj_paises (nombre, nacionalidad) VALUES ('estados unidos', 'estadounidense');
INSERT INTO caj_paises (nombre, nacionalidad) VALUES ('estonia', 'estonio');
INSERT INTO caj_paises (nombre, nacionalidad) VALUES ('etiopia', 'etiope');
INSERT INTO caj_paises (nombre, nacionalidad) VALUES ('filipinas', 'filipino');
INSERT INTO caj_paises (nombre, nacionalidad) VALUES ('finlandia', 'finlandés');
INSERT INTO caj_paises (nombre, nacionalidad) VALUES ('francia', 'francés');
INSERT INTO caj_paises (nombre, nacionalidad) VALUES ('gales', 'galés');
INSERT INTO caj_paises (nombre, nacionalidad) VALUES ('grecia', 'griego');
INSERT INTO caj_paises (nombre, nacionalidad) VALUES ('guatemala', 'guatemalteco');
INSERT INTO caj_paises (nombre, nacionalidad) VALUES ('haití', 'haitiano');
INSERT INTO caj_paises (nombre, nacionalidad) VALUES ('holanda', 'holandés');
INSERT INTO caj_paises (nombre, nacionalidad) VALUES ('honduras', 'hondureño');
INSERT INTO caj_paises (nombre, nacionalidad) VALUES ('indonesia', 'indonés');
INSERT INTO caj_paises (nombre, nacionalidad) VALUES ('inglaterra', 'inglés');
INSERT INTO caj_paises (nombre, nacionalidad) VALUES ('irak', 'iraquí');
INSERT INTO caj_paises (nombre, nacionalidad) VALUES ('irán', 'iraní');
INSERT INTO caj_paises (nombre, nacionalidad) VALUES ('irlanda', 'irlandés');
INSERT INTO caj_paises (nombre, nacionalidad) VALUES ('israel', 'israelí');
INSERT INTO caj_paises (nombre, nacionalidad) VALUES ('italia', 'italiano');
INSERT INTO caj_paises (nombre, nacionalidad) VALUES ('japón', 'japonés');
INSERT INTO caj_paises (nombre, nacionalidad) VALUES ('jordania', 'jordano');
INSERT INTO caj_paises (nombre, nacionalidad) VALUES ('laos', 'laosiano');
INSERT INTO caj_paises (nombre, nacionalidad) VALUES ('letonia', 'letón');
INSERT INTO caj_paises (nombre, nacionalidad) VALUES ('lituania', 'letonés');
INSERT INTO caj_paises (nombre, nacionalidad) VALUES ('malasia', 'malayo');
INSERT INTO caj_paises (nombre, nacionalidad) VALUES ('marruecos', 'marroquí');
INSERT INTO caj_paises (nombre, nacionalidad) VALUES ('méxico', 'mexicano');
INSERT INTO caj_paises (nombre, nacionalidad) VALUES ('nicaragua', 'nicaragüense');
INSERT INTO caj_paises (nombre, nacionalidad) VALUES ('noruega', 'noruego');
INSERT INTO caj_paises (nombre, nacionalidad) VALUES ('nueva zelanda', 'neozelandés');
INSERT INTO caj_paises (nombre, nacionalidad) VALUES ('panamá', 'panameño');
INSERT INTO caj_paises (nombre, nacionalidad) VALUES ('paraguay', 'paraguayo');
INSERT INTO caj_paises (nombre, nacionalidad) VALUES ('perú', 'peruano');
INSERT INTO caj_paises (nombre, nacionalidad) VALUES ('polonia', 'polaco');
INSERT INTO caj_paises (nombre, nacionalidad) VALUES ('portugal', 'portugués');
INSERT INTO caj_paises (nombre, nacionalidad) VALUES ('puerto rico', 'puertorriqueño');
INSERT INTO caj_paises (nombre, nacionalidad) VALUES ('república dominicana', 'dominicano');
INSERT INTO caj_paises (nombre, nacionalidad) VALUES ('rumanía', 'rumano');
INSERT INTO caj_paises (nombre, nacionalidad) VALUES ('rusia', 'ruso');
INSERT INTO caj_paises (nombre, nacionalidad) VALUES ('suecia', 'sueco');
INSERT INTO caj_paises (nombre, nacionalidad) VALUES ('suiza', 'suizo');
INSERT INTO caj_paises (nombre, nacionalidad) VALUES ('tailandia', 'tailandés');
INSERT INTO caj_paises (nombre, nacionalidad) VALUES ('taiwán','taiwanes');
INSERT INTO caj_paises (nombre, nacionalidad) VALUES ('turquía', 'turco');
INSERT INTO caj_paises (nombre, nacionalidad) VALUES ('ucrania', 'ucraniano');
INSERT INTO caj_paises (nombre, nacionalidad) VALUES ('uruguay', 'uruguayo');
INSERT INTO caj_paises (nombre, nacionalidad) VALUES ('venezuela', 'venezolano');
INSERT INTO caj_paises (nombre, nacionalidad) VALUES ('vietnam', 'vietnamita');
INSERT INTO caj_paises (nombre, nacionalidad) VALUES ('reino unido','británico');

INSERT INTO caj_divisas (nombre, id_pais) VALUES ('afgani afgano',1);
INSERT INTO caj_divisas (nombre, id_pais) VALUES ('euro',2);
INSERT INTO caj_divisas (nombre, id_pais) VALUES ('riyal saudí',3);
INSERT INTO caj_divisas (nombre, id_pais) VALUES ('peso argentino',4);
INSERT INTO caj_divisas (nombre, id_pais) VALUES ('dólar australiano',5);
INSERT INTO caj_divisas (nombre, id_pais) VALUES ('euro',6);
INSERT INTO caj_divisas (nombre, id_pais) VALUES ('boliviano',7);
INSERT INTO caj_divisas (nombre, id_pais) VALUES ('real brasileño',8);
INSERT INTO caj_divisas (nombre, id_pais) VALUES ('riel camboyano',9);
INSERT INTO caj_divisas (nombre, id_pais) VALUES ('dólar canadiense',10);
INSERT INTO caj_divisas (nombre, id_pais) VALUES ('peso chileno',11);
INSERT INTO caj_divisas (nombre, id_pais) VALUES ('renminbi',12);
INSERT INTO caj_divisas (nombre, id_pais) VALUES ('peso colombiano',13);
INSERT INTO caj_divisas (nombre, id_pais) VALUES ('won surcoreano',14);
INSERT INTO caj_divisas (nombre, id_pais) VALUES ('colón costarricense',15);
INSERT INTO caj_divisas (nombre, id_pais) VALUES ('peso cubano',16);
INSERT INTO caj_divisas (nombre, id_pais) VALUES ('corona danesa',17);
INSERT INTO caj_divisas (nombre, id_pais) VALUES ('dólar estadounidense',18);
INSERT INTO caj_divisas (nombre, id_pais) VALUES ('libra egipcia',19);
INSERT INTO caj_divisas (nombre, id_pais) VALUES ('dólar estadounidense',20);
INSERT INTO caj_divisas (nombre, id_pais) VALUES ('libra esterlina',21);
INSERT INTO caj_divisas (nombre, id_pais) VALUES ('euro',22);
INSERT INTO caj_divisas (nombre, id_pais) VALUES ('dólar estadounidense',23);
INSERT INTO caj_divisas (nombre, id_pais) VALUES ('euro',24);
INSERT INTO caj_divisas (nombre, id_pais) VALUES ('birr etíope',25);
INSERT INTO caj_divisas (nombre, id_pais) VALUES ('peso filipino',26);
INSERT INTO caj_divisas (nombre, id_pais) VALUES ('euro',27);
INSERT INTO caj_divisas (nombre, id_pais) VALUES ('euro',28);
INSERT INTO caj_divisas (nombre, id_pais) VALUES ('libra esterlina',29);
INSERT INTO caj_divisas (nombre, id_pais) VALUES ('euro',30);
INSERT INTO caj_divisas (nombre, id_pais) VALUES ('quetzal',31);
INSERT INTO caj_divisas (nombre, id_pais) VALUES ('gourde',32);
INSERT INTO caj_divisas (nombre, id_pais) VALUES ('euro',33);
INSERT INTO caj_divisas (nombre, id_pais) VALUES ('lempira hondureño',34);
INSERT INTO caj_divisas (nombre, id_pais) VALUES ('rupia indonesia',35);
INSERT INTO caj_divisas (nombre, id_pais) VALUES ('libra esterlina',36);
INSERT INTO caj_divisas (nombre, id_pais) VALUES ('dinar iraquí',37);
INSERT INTO caj_divisas (nombre, id_pais) VALUES ('rial iraní',38);
INSERT INTO caj_divisas (nombre, id_pais) VALUES ('euro',39);
INSERT INTO caj_divisas (nombre, id_pais) VALUES ('nuevo séquel',40);
INSERT INTO caj_divisas (nombre, id_pais) VALUES ('euro',41);
INSERT INTO caj_divisas (nombre, id_pais) VALUES ('yen japonés',42);
INSERT INTO caj_divisas (nombre, id_pais) VALUES ('dinar jordano',43);
INSERT INTO caj_divisas (nombre, id_pais) VALUES ('kip laosiano',44);
INSERT INTO caj_divisas (nombre, id_pais) VALUES ('euro',45);
INSERT INTO caj_divisas (nombre, id_pais) VALUES ('euro',46);
INSERT INTO caj_divisas (nombre, id_pais) VALUES ('ringgit malayo',47);
INSERT INTO caj_divisas (nombre, id_pais) VALUES ('dírham marroquí',48);
INSERT INTO caj_divisas (nombre, id_pais) VALUES ('peso mexicano',49);
INSERT INTO caj_divisas (nombre, id_pais) VALUES ('córdoba',50);
INSERT INTO caj_divisas (nombre, id_pais) VALUES ('corona noruega',51);
INSERT INTO caj_divisas (nombre, id_pais) VALUES ('dólar neozelandés',52);
INSERT INTO caj_divisas (nombre, id_pais) VALUES ('balboa',53);
INSERT INTO caj_divisas (nombre, id_pais) VALUES ('guaraní paraguayo',54);
INSERT INTO caj_divisas (nombre, id_pais) VALUES ('sol',55);
INSERT INTO caj_divisas (nombre, id_pais) VALUES ('zloty',56);
INSERT INTO caj_divisas (nombre, id_pais) VALUES ('euro',57);
INSERT INTO caj_divisas (nombre, id_pais) VALUES ('dólar estadounidense',58);
INSERT INTO caj_divisas (nombre, id_pais) VALUES ('peso dominicano',59);
INSERT INTO caj_divisas (nombre, id_pais) VALUES ('leu rumano',60);
INSERT INTO caj_divisas (nombre, id_pais) VALUES ('Rublo ruso',61);
INSERT INTO caj_divisas (nombre, id_pais) VALUES ('corona sueca',62);
INSERT INTO caj_divisas (nombre, id_pais) VALUES ('franco suizo',63);
INSERT INTO caj_divisas (nombre, id_pais) VALUES ('baht tailandés',64);
INSERT INTO caj_divisas (nombre, id_pais) VALUES ('nuevo dólar taiwanés',65);
INSERT INTO caj_divisas (nombre, id_pais) VALUES ('lira turca',66);
INSERT INTO caj_divisas (nombre, id_pais) VALUES ('grivna',67);
INSERT INTO caj_divisas (nombre, id_pais) VALUES ('Peso uruguayo',68);
INSERT INTO caj_divisas (nombre, id_pais) VALUES ('bolívar',69);
INSERT INTO caj_divisas (nombre, id_pais) VALUES ('dong vietnamita',70);
INSERT INTO caj_divisas (nombre, id_pais) VALUES ('penique',71);
INSERT INTO caj_divisas (nombre, id_pais) VALUES ('libra esterlina',71);
INSERT INTO caj_divisas (nombre, id_pais) VALUES ('peso fuerte',68);


INSERT INTO caj_monedas 
            (nombre, denominacion, mintage, forma, 
            metal, diametromm, canto, pesogr, ano, motivo, acunacion, anverso, 
            reverso, id_pais_divisa, id_pais,id_divisa,imagen)
            VALUES
            ('1855 s seated liberty half dollar', 
            0.50,
            129000,
            'circular',
            'plata',
            30,
            'estriado',
            12.4,
            1855, 
            'valores en lingotes de las monedas superaron rápidamente sus valores nominales', 
            'san francisco mint', 
            'libertad sentada, fecha abajo ', 
            'águila con flechas, valor debajo', 
            23, 
            23, 
            23,
            NULL);

INSERT INTO caj_artistas
            (nombre,apellido,nombreArtistico)
        VALUES
        ("christian","gobrecht",NULL);

INSERT INTO caj_M_A
        (id_moneda, id_artista)
        VALUES
        (1,1);


INSERT INTO caj_monedas 
            (nombre, denominacion, mintage, forma, 
            metal, diametromm, canto, pesogr, ano, motivo, acunacion, anverso, 
            reverso, id_pais_divisa, id_pais,id_divisa,imagen)
            VALUES
            ('2 new pence', 
            2,
            1454856250,
            'circular',
            'plata',
            25.91,
            'liso',
            7.12,
            1971, 
            'reina elizabeth II', 
            'Royal Mint', 
            'Segundo retrato coronado de SM la Reina Isabel II a la derecha, con la tiara de las Niñas de Gran Bretaña e Irlanda, leyenda alrededor. ELIZABETH II D G REG F D Traduccion:Isabel II por la Gracia de Dios Reina Defensora de la Fe (Isabel II Dei Gratia Regina Fidei Defensatrix)', 
            'La insignia del Príncipe de Gales, un penacho de tres plumas de avestruz que cubre una corona de cruz pattée y flor de lis, divisa el lema con la leyenda arriba y la denominación abajo. Rotulación: NEW PENCE ICH DIEN 2', 
            71, 
            71, 
            71,
            NULL);

INSERT INTO caj_artistas
            (nombre,apellido,nombreArtistico)
        VALUES
        ("arnold","machin",NULL);

INSERT INTO caj_artistas
            (nombre,apellido,nombreArtistico)
        VALUES
        ("christopher","ironside",NULL);

INSERT INTO caj_M_A
        (id_moneda, id_artista)
        VALUES
        (2,2);

INSERT INTO caj_M_A
        (id_moneda, id_artista)
        VALUES
        (2,3);

INSERT INTO caj_monedas 
            (nombre, denominacion, mintage, forma, 
            metal, diametromm, canto, pesogr, ano, motivo, acunacion, anverso, 
            reverso, id_pais_divisa, id_pais,id_divisa,imagen)
            VALUES
            ('2 pounds (Historia del Desarrollo Tecnológico)', 
            2,
            91110375 ,
            'circular',
            'plata',
            28.35,
            'liso',
            12,
            1998, 
            'historia del desarrollo Tecnológico', 
            'Royal Mint', 
            'El anverso de las caj_monedas muestra la cabeza madura coronada de la reina Isabel II mirando hacia la derecha (su efigie conocida como el "Cuarto Retrato" ). La reina lleva la tiara de diamantes "Chicas de Gran Bretaña e Irlanda", un regalo de bodas de la reina María (abuela de Su Majestad) en 1947, que también tiene en los retratos de Machin y Gottwald .

En letras pequeñas debajo de la cabeza, las iniciales del artista IRB (para Ian Rank-Broadley ).

Alrededor de la efigie está la leyenda del monarca: ELIZABETH · II · DEI · GRA · REG · FID · DEF · . Traducido del latín: Isabel II, por la gracia de Dios, reina, defensora de la fe.', 
            'En representación de los avances realizados en los campos industrial y tecnológico, el diseño inverso avanza en espiral desde el núcleo de la Edad del Hierro hasta la era industrial, la era de la computadora y finalmente termina con el anillo exterior que simboliza Internet. El área central contiene una característica latente que, cuando se inclina, transforma la imagen de cuatro rollos separados en una imagen de ocho rollos entrelazados.

Alrededor de arriba, el valor y la denominación en palabras: DOS LIBRAS ; a continuación, la fecha: 1998 .

Las iniciales BR (de Bruce Rushin) del diseñador están incusas en un adorno en la parte derecha del segundo anillo.', 
            71, 
            71, 
            72,
            NULL);

INSERT INTO caj_artistas
            (nombre,apellido,nombreArtistico)
        VALUES
        ("Bruce","Rushin",NULL);

INSERT INTO caj_artistas
            (nombre,apellido,nombreArtistico)
        VALUES
        ("Ian","Rank-Broadley",NULL);

INSERT INTO caj_M_A
        (id_moneda, id_artista)
        VALUES
        (3,4);

INSERT INTO caj_M_A
        (id_moneda, id_artista)
        VALUES
        (3,5);

INSERT INTO caj_monedas 
            (nombre, denominacion, mintage, forma, 
            metal, diametromm, canto, pesogr, ano, motivo, acunacion, anverso, 
            reverso, id_pais_divisa, id_pais,id_divisa,imagen)
            VALUES
            ('20 pence', 
            20,
            740815000 ,
            'circular',
            'plata',
            21.4,
            'estriado',
            5,
            1982, 
            'reina elizabeth II', 
            'Royal Mint', 
            'Segundo retrato coronado de SM la Reina Isabel II a la derecha, con la tiara de las Niñas de Gran Bretaña e Irlanda, leyenda alrededor.

Letras:
ELIZABETH II
D · G · REG · F · D ·

Traducción: Isabel II por la Gracia de Dios Reina Defensora de la Fe (Isabel II Dei Gratia Regina Fidei Defensatrix)', 
            'Rosa Tudor coronada dividiendo fecha y leyenda, denominación debajo.

Rotulación:
TWENTY PENCE
19 82
WG
20', 
            71, 
            71, 
            71,
            NULL);

INSERT INTO caj_artistas
            (nombre,apellido,nombreArtistico)
        VALUES
        ("William","Gardner",NULL);

INSERT INTO caj_M_A
        (id_moneda, id_artista)
        VALUES
        (4,6);

INSERT INTO caj_monedas 
            (nombre, denominacion, mintage, forma, 
            metal, diametromm, canto, pesogr, ano, motivo, acunacion, anverso, 
            reverso, id_pais_divisa, id_pais,id_divisa,imagen)
            VALUES
            ('1 penny (Elizabeth II) 1998', 
            1,
            739770000 ,
            'circular',
            'plata',
            20.32,
            'liso',
            3.56,
            1998, 
            'reina elizabeth II', 
            'Royal Mint',
            'Cuarto retrato coronado de SM la Reina Isabel II a la derecha, con la tiara de las Niñas de Gran Bretaña e Irlanda, leyenda alrededor.

Rotulación:
ELIZABETH · II · D · G REG · F · D · 2001
IRB

Traducción: Isabel II por la Gracia de Dios Reina Defensora de la Fe (Isabel II Dei Gratia Regina Fidei Defensatrix)' ,
            'Un rastrillo coronado con cadenas (una adaptación de la Insignia de Enrique VII, ahora la Insignia del Palacio de Westminster), denominación alrededor.

Letras:
ONE PENNY
1', 
            71, 
            71, 
            71,
            NULL);
        
INSERT INTO caj_M_A
        (id_moneda, id_artista)
        VALUES
        (5,5);

INSERT INTO caj_M_A
        (id_moneda, id_artista)
        VALUES
        (5,3);

INSERT INTO caj_monedas 
            (nombre, denominacion, mintage, forma, 
            metal, diametromm, canto, pesogr, ano, motivo, acunacion, anverso, 
            reverso, id_pais_divisa, id_pais,id_divisa,imagen)
            VALUES
            ('1 pound (Flores de las Naciones de la Corona) 2016', 
            2,
            500000000,
            'circular',
            'plata',
            23.30,
            'estriado',
            8.75,
            2016, 
            'flores de las Naciones de la Corona', 
            'Royal Mint', 
            'El anverso de la moneda muestra la vieja cabeza coronada de la reina Isabel II mirando hacia la derecha, con la corona de Diadema Real de Diamantes usada para su Coronación (efigie conocida como el "Quinto Retrato").

El funcionamiento continuo alrededor de la efigie es la leyenda del monarca y la fecha: 2016 · ISABEL II · D · G · REG · M · D . Traducido del latín: Isabel II de 2016, por la Gracia de Dios, Reina, Defensora de la Fe.

En letras minúsculas debajo de la cabeza, las iniciales del artista JC (para Jody Clark ).

Repetido varias veces en micro-texto alrededor del borde: UNA LIBRA . Una característica de seguridad es una "imagen latente" debajo de la efigie de la Reina, algo así como un holograma que cambia de un símbolo £ al número 1 cuando la moneda se ve desde diferentes ángulos.', 
            'El diseño del reverso, conocido como Nations of the Crown , representa el Reino Unido y sus cuatro partes constituyentes: Escocia, Gales, Irlanda del Norte e Inglaterra y presenta sus emblemas florales, respectivamente, la rosa inglesa, el puerro galés, el cardo escocés y el cardo del norte. Trébol irlandés que emerge de un tallo dentro de una corona real.

Alrededor de abajo, el valor y la denominación: UNA LIBRA .

Repetido varias veces en micro-texto alrededor del borde, la fecha: 2016 .

El diseño fue creado por David Pearce, quien ganó un concurso público a la edad de 15 años. Sus iniciales, DP , están en el campo derecho debajo de la corona.', 
            71, 
            71, 
            72,
            NULL);

INSERT INTO caj_artistas
            (nombre,apellido,nombreArtistico)
        VALUES
        ("David","Pearce",NULL);

INSERT INTO caj_artistas
            (nombre,apellido,nombreArtistico)
        VALUES
        ("Jody","Clark",NULL);

INSERT INTO caj_M_A
        (id_moneda, id_artista)
        VALUES
        (6,7);

INSERT INTO caj_M_A
        (id_moneda, id_artista)
        VALUES
        (6,8);

INSERT INTO caj_monedas 
            (nombre, denominacion, mintage, forma, 
            metal, diametromm, canto, pesogr, ano, motivo, acunacion, anverso, 
            reverso, id_pais_divisa, id_pais,id_divisa,imagen)
            VALUES
            ('1/8 Bolivar Lazareto 1913', 
            0.125,
            3000000,
            'circular',
            'plata',
            20,
            'liso',
            2.2,
            1913, 
            'Ministerio de Sanidad y Asistencia Social', 
            'Acuñación industrial', 
            'Ribete circular, gráfila dentada. En el centro Bs. 1/8.', 
            'Ribete circular, gráfila dentada. En el centro, la inscripción Maracaibo junto con el año, circulada por LEPROSERIAS NACIONALES.', 
            69, 
            69, 
            69,
            NULL);

INSERT INTO caj_monedas 
            (nombre, denominacion, mintage, forma, 
            metal, diametromm, canto, pesogr, ano, motivo, acunacion, anverso, 
            reverso, id_pais_divisa, id_pais,id_divisa,imagen)
            VALUES
            ('1/5 bolívar 1879 de Venezuela', 
            0.2,
            125000 ,
            'circular',
            'plata',
            16,
            'estriado',
            1,
            1979, 
            'sustituir a la moneda "El Venezolano" de 1973', 
            'Casa caj_monedas Bruselas', 
            'Ribete circular, gráfila dentada. En el centro, sobre el campo, efigie de Simón Bolívar mirando a la izquierda (desde la perspectiva del observador), con "BARRE" (nombre del grabador original) en su base, circulada con "Bolívar" a la izquierda y "LIBERTADOR" a la derecha.', 
            'Ribete circular, gráfila dentada. En el centro, sobre el campo, Escudo Nacional con un caballo galopando hacia la derecha mirando hacia la izquierda (desde la perspectiva del observador), y con las leyendas "INDEPENDENcia", "LIBERTAD", "5 DE JULIO 1811", "28 DE MARZO 1864" y "DIOS Y FEDon". A lo largo del borde, el nombre del país "ESTADOS UNIDOS DE VENEZUELA", el peso "GRAM. 25", el año y la pureza metálica "LEI 900".', 
            69, 
            6, 
            69,
            NULL);

INSERT INTO caj_artistas
            (nombre,apellido,nombreArtistico)
        VALUES
        ("Albert","Barre",NULL);

INSERT INTO caj_M_A
        (id_moneda, id_artista)
        VALUES
        (8,9);

INSERT INTO caj_monedas 
            (nombre, denominacion, mintage, forma, 
            metal, diametromm, canto, pesogr, ano, motivo, acunacion, anverso, 
            reverso, id_pais_divisa, id_pais,id_divisa,imagen)
            VALUES
            ('5 bolívares 1879', 
            5,
            250000 ,
            'circular',
            'plata',
            37,
            'estriado',
            25,
            1879, 
            'sustituir a la moneda "El Venezolano" de 1973', 
            'Casa caj_monedas Bruselas', 
            'Gráfila con dentelos hacia el centro de la moneda; en el campo efigie del Libertador mirando hacia la izquierda, en los bordes laterales: BOLIVAR LIBERTADOR', 
            'Grafila igual al anverso; en el campo el cuerpo del escudo de armas alrrededor: ESTADOS UNIDOS DE VENEZUELA. GRAM .25 * año de acuñación * LEI 900.', 
            69, 
            6, 
            69,
            NULL);


INSERT INTO caj_M_A
        (id_moneda, id_artista)
        VALUES
        (9,9);

INSERT INTO caj_monedas 
            (nombre, denominacion, mintage, forma, 
            metal, diametromm, canto, pesogr, ano, motivo, acunacion, anverso, 
            reverso, id_pais_divisa, id_pais,id_divisa,imagen)
            VALUES
            ('1 bolívar 1879', 
            1,
            375000  ,
            'circular',
            'plata',
            23,
            'estriado',
            5,
            1979, 
            'sustituir a la moneda "El Venezolano" de 1973', 
            'Casa caj_monedas Bruselas', 
            'Ribete circular, gráfila dentada. En el centro, sobre el campo, efigie de Simón Bolívar mirando a la izquierda (desde la perspectiva del observador), con "BARRE" (nombre del grabador original) en su base, circulada con "Bolívar" a la izquierda y "LIBERTADOR" a la derecha.', 
            'Ribete circular, gráfila dentada. En el centro, sobre el campo, cuerpo del Escudo Nacional con un caballo galopando hacia la derecha mirando hacia la izquierda (desde la perspectiva del observador), con las leyendas "19 DE ABRIL 1810", "5 DE JULIO 1811" y "LIBERTAD". A lo largo del borde, el nombre del país "ESTADOS UNIDOS DE VENEZUELA", el peso "GRAM, 5", el año y la pureza metálica "LEI 835".', 
            69, 
            6, 
            69,
            NULL);

INSERT INTO caj_M_A
        (id_moneda, id_artista)
        VALUES
        (10,9);

INSERT INTO caj_monedas 
            (nombre, denominacion, mintage, forma, 
            metal, diametromm, canto, pesogr, ano, motivo, acunacion, anverso, 
            reverso, id_pais_divisa, id_pais,id_divisa,imagen)
            VALUES
            ('1/2 bolívar 1944', 
            0.5,
            500000,
            'circular',
            'plata',
            18,
            'estriado',
            2.5,
            1944, 
            'ley de caj_monedas', 
            'Casa caj_monedas Filadelfia', 
            'Grafila igual al anverso; en el campo el cuerpo del escudo de armas alrrededor: ESTADOS UNIDOS DE VENEZUELA. GR.2.500 * año de acuñación * LEI 835.', 
            'Gráfila con dentelos hacia el centro de la moneda; en el campo efigie del Libertador mirando hacia la izquierda, en los bordes laterales: BOLIVAR LIBERTADOR', 
            69, 
            23, 
            69,
            NULL);

INSERT INTO caj_M_A
        (id_moneda, id_artista)
        VALUES
        (11,9);

INSERT INTO caj_monedas 
            (nombre, denominacion, mintage, forma, 
            metal, diametromm, canto, pesogr, ano, motivo, acunacion, anverso, 
            reverso, id_pais_divisa, id_pais,id_divisa,imagen)
            VALUES
            ('1 centavo 1858', 
            0.1,
            2000000 ,
            'circular',
            'plata',
            25,
            'estriado',
            7.5,
            1958, 
            'ley de caj_monedas', 
            'Casa caj_monedas Birmingham', 
            'Gráfila con dentelos hacia el centro de la moneda, en el campo cabeza de la Libertad mirando hacia la derecha, en el borde del gorro frigio: LIBERTAD, al relieve; en la base del cuello W. WYON., alrrededor: Republica de Venezuela.', 
            'Grafila igual al anverso orla de laurel y en el centro: 1 CENTAVO y fecha de acuñación.', 
            68, 
            36, 
            73,
            NULL);
        
INSERT INTO caj_monedas 
            (nombre, denominacion, mintage, forma, 
            metal, diametromm, canto, pesogr, ano, motivo, acunacion, anverso, 
            reverso, id_pais_divisa, id_pais,id_divisa,imagen)
            VALUES
            ('1909 Lincoln Wheat Cent', 
            0.1,
            72702618 ,
            'circular',
            'plata',
            19,
            'estriado',
            3.11,
            1909, 
            'actualización caj_monedas', 
            'Casa caj_monedas Philadelphia ', 
            'está dominado por el perfil elevado del ex presidente Abraham Lincoln. A la derecha e izquierda de Lincoln, respectivamente, están las inscripciones del año que dicen el año 1909 de acuñación y la palabra "Libertad". Encima de la cabeza de Lincoln se arquean las palabras en relieve: "En Dios confiamos".', 
            'la parte central de la cara está marcada por las palabras "Estados Unidos de América", con el valor nominal de un centavo inscrito justo encima. A cada lado de estas inscripciones hay dos orejas de qué, una a cada lado. La frase en latín “E Pluribus Unum” se arquea sobre la parte superior del reverso, mientras que las iniciales del diseñador de la moneda, Victor D Brenner, aparecen en la parte inferior.', 
            23, 
            23, 
            23,
            NULL);

INSERT INTO caj_artistas
            (nombre,apellido,nombreArtistico)
        VALUES
        ("Victor","Brenner",NULL);

    INSERT INTO caj_M_A
        (id_moneda, id_artista)
        VALUES
        (13,10);

INSERT INTO caj_monedas 
            (nombre, denominacion, mintage, forma, 
            metal, diametromm, canto, pesogr, ano, motivo, acunacion, anverso, 
            reverso, id_pais_divisa, id_pais,id_divisa,imagen)
            VALUES
            ('Cuarto de Dólar "Washington" de Plata Estadounidense ', 
            0.25,
            704135528  ,
            'circular',
            'plata',
            24.30,
            'estriado',
            5.58,
            1964, 
            'circulación', 
            'Casa caj_monedas Philadelphia ', 
            'George Washington a la izquierda con leyenda: LIBERTY IN GOD WE TRUST ', 
            'Aguila con alas abiertas con leyenda: 	UNITED STATES OF AMERICA E PLURIBUS UNUM QUARTER DOLLAR ', 
            23, 
            23, 
            23,
            NULL);


INSERT INTO caj_artistas
            (nombre,apellido,nombreArtistico)
        VALUES
        ("John","Flanagan",NULL);

    INSERT INTO caj_M_A
        (id_moneda, id_artista)
        VALUES
        (14,11);

INSERT INTO caj_monedas 
            (nombre, denominacion, mintage, forma, 
            metal, diametromm, canto, pesogr, ano, motivo, acunacion, anverso, 
            reverso, id_pais_divisa, id_pais,id_divisa,imagen)
            VALUES
            ('US Kennedy Half Dollar ', 
            0.5,
            2100000  ,
            'circular',
            'plata',
            30.60,
            'estriado',
            12.50,
            1964, 
            'tributo a la muerte de JFK el 22 de Noviembre de 1963', 
            'Casa caj_monedas Estados Unidos', 
            'Presidential Seal (1945)
con cinta de texto (Latin motto) E PLURIBUS UNUM
in circle with 5-pointed stars', 
            'Head 35th President John F. Kennedy (izquierda, 1961-1963)
encima (1st motto) IN GOD WE TRUST', 
            23, 
            23, 
            23,
            NULL);

INSERT INTO caj_artistas
            (nombre,apellido,nombreArtistico)
        VALUES
        ("Frank","Gasparro",NULL);
             

INSERT INTO caj_artistas
            (nombre,apellido,nombreArtistico)
        VALUES
        ("Gilroy","Roberts",NULL);
             
    INSERT INTO caj_M_A
        (id_moneda, id_artista)
        VALUES
        (15,12);
            INSERT INTO caj_M_A
        (id_moneda, id_artista)
        VALUES
        (15,13);

INSERT INTO caj_monedas 
            (nombre, denominacion, mintage, forma, 
            metal, diametromm, canto, pesogr, ano, motivo, acunacion, anverso, 
            reverso, id_pais_divisa, id_pais,id_divisa,imagen)
            VALUES
            ('1 dollar (Sacagawea Dollar) 2000D de Estados Unidos', 
            1,
            518916000   ,
            'circular',
            'plata',
            26.50,
            'estriado',
            8.07,
            2000, 
            'circulación', 
            'Casa caj_monedas Estados Unidos', 
            'Sacagawea (1788-1812), a Shoshone native American and a translator and guide to the Lewis and Clark expedition, with her son Jean Baptiste Charbonneau and the date to the right', 
            'Eagle in flight with the denomination below', 
            23, 
            23, 
            23,
            NULL);

INSERT INTO caj_artistas
            (nombre,apellido,nombreArtistico)
        VALUES
        ("Glenna","Goodacre",NULL);


INSERT INTO caj_artistas
            (nombre,apellido,nombreArtistico)
        VALUES
        ("Thomas","Rogers",NULL);

                    
INSERT INTO caj_M_A
    (id_moneda, id_artista)
    VALUES
    (16,14);
INSERT INTO caj_M_A
    (id_moneda, id_artista)
    VALUES
    (16,15);


INSERT INTO caj_monedas 
            (nombre, denominacion, mintage, forma, 
            metal, diametromm, canto, pesogr, ano, motivo, acunacion, anverso, 
            reverso, id_pais_divisa, id_pais,id_divisa,imagen)
            VALUES
            ('1901 Morgan Silver Dollar', 
            1,
            6962000   ,
            'circular',
            'plata',
            38.1,
            'estriado',
            26.73,
            1901, 
            'circulación', 
            'Casa caj_monedas Estados Unidos', 
            'El cabello de Liberty se verá plano a lo largo de la línea del cabello por encima de la frente, sobre la oreja y hacia abajo junto a la fecha. La mejilla de Liberty puede mostrar una abrasión moderada. La parte superior de la gorra de Liberty mostrará el desgaste. Las cápsulas de algodón de la corona de Liberty tendrán algunos detalles menores desgastados. Las hojas de algodón también exhibirán planitud.', 
            'La parte superior del pecho y las patas del águila se usarán lisas.', 
            23, 
            23, 
            23,
            NULL);

INSERT INTO caj_artistas
            (nombre,apellido,nombreArtistico)
        VALUES
        ("George","Morgan",NULL);

INSERT INTO caj_M_A
    (id_moneda, id_artista)
    VALUES
    (17,16);

INSERT INTO caj_monedas 
            (nombre, denominacion, mintage, forma, 
            metal, diametromm, canto, pesogr, ano, motivo, acunacion, anverso, 
            reverso, id_pais_divisa, id_pais,id_divisa,imagen)
            VALUES
            ('1892 S Liberty Head Double Eagle', 
            20,
            930150,
            'circular',
            'oro',
            34,
            'estriado',
            33.40,
            1892, 
            'circulación', 
            'San Francisco', 
            'Cabeza de la libertad, año de acuñación (1892)', 
            'La parte superior del pecho y las patas del águila se usarán lisas. ', 
            23, 
            23, 
            23,
            NULL);

INSERT INTO caj_artistas
            (nombre,apellido,nombreArtistico)
        VALUES
        ("James","Longacre",NULL);

INSERT INTO caj_M_A
    (id_moneda, id_artista)
    VALUES
    (18,17);


INSERT INTO caj_organizaciones 
    (nombre,proposito,fundacion,alcance,tipo,telefonoPrincipal,
    paginaweb,emailCorporativo,id_pais)
    VALUES
    (
    'Saatchi Gallery',
    'Saatchi Gallery existe como una organización benéfica registrada para proporcionar una plataforma innovadora para el arte y la cultura contemporáneos. Estamos comprometidos a apoyar a los caj_artistas y hacer que el arte contemporáneo sea accesible para todos. Nos esforzamos por presentar proyectos en espacios físicos y digitales que sean atractivos, esclarecedores y educativos para diversos públicos.',
    1985,
    'internacional',
    'galeria',
    '+44 20 78113070',
    'https://www.saatchigallery.com/',
    'admin@saatchigallery.com',
    36
    );

INSERT INTO caj_contactos
    (id_organizacion,dni,nombre,segundoNombre,apellido,segundoApellido,telefono,
    email,cargo)
    VALUES
    (
    1,
    '29772315',
    'carlos',
    'alvaro',
    'osuna',
    'piñero',
    '+58 4267343349',
    'carlosalvaroosuna1@gmai.com',
    'relaciones publicas'
    );



INSERT INTO caj_coleccionistas 
    (dni,nombre,segundoNombre,apellido,segundoApellido,telefono,email,
    fechaNacimiento,id_pais_nacio,id_pais_reside)
    VALUES
    (
        '2972315',
        'Carlos',
        'Alvaro',
        'Osuna',
        'Piñero',
        '+58 4267343349',
        'carlosalvaroosuna1@yopmail.com',
        '1993-09-07',
        69,
        69
    );

INSERT INTO caj_organizaciones 
    (nombre,proposito,fundacion,alcance,tipo,telefonoPrincipal,
    paginaweb,emailCorporativo,id_pais)
    VALUES
    (
    "Christie's",
    "Christie's se dedica a promover la cultura responsable en sus empresas y comunidades en todo el mundo, incluido el logro de la sostenibilidad a través de emisiones netas de carbono cero para 2030, y el uso activo de su plataforma en el mundo del arte para amplificar las voces subrepresentadas y apoyar un cambio positivo.",
    1976,
    'internacional',
    'tienda',
    '+1 212 6362000',
    'https://www.christies.com/',
    'info@christies.com',
    23
    );

INSERT INTO caj_contactos
    (id_organizacion,dni,nombre,segundoNombre,apellido,segundoApellido,telefono,
    email,cargo)
    VALUES
    (
    2,
    '3033102',
    'luis',
    'antonio',
    'cocio',
    'ruiz',
    '+58 424332546',
    'luiscocio@gmai.com',
    'relaciones publicas'
    );


INSERT INTO caj_organizaciones 
    (nombre,proposito,fundacion,alcance,tipo,telefonoPrincipal,
    paginaweb,emailCorporativo,id_pais)
    VALUES
    (
    "Merc&Cia",
    "La tienda en  el centro Barcelona  es el lugar ideal para quienes buscan maravillarse  con objetos de decoración, muebles y piezas de arte, 
desde ​artículos antiguos traídos de todo el mundo hasta cualquier tipo de mueble hecho a medida diseñado por ti mismo. ​

Mesas de comedor de madera maciza natural reciclada, antiguos mesas de centro indias, espejos industriales, lámparas  y distintos objetos con personalidad propia, mezclando diferentes estilos, inglés, nórdico, provenzal y colonial y más.",
    1976,
    'nacional',
    'tienda',
    '+34 934 877687',
    'https://www.mercncia.com/',
    'mercandcia@gmail.com',
    22
    );

INSERT INTO caj_contactos
    (id_organizacion,dni,nombre,segundoNombre,apellido,segundoApellido,telefono,
    email,cargo)
    VALUES
    (
    3,
    '7531598',
    'maria',
    NULL,
    'garcia',
    'ruiz',
    '+58 42426855',
    'mariagarcia@gmai.com',
    'relaciones'
    );


INSERT INTO caj_organizaciones 
    (nombre,proposito,fundacion,alcance,tipo,telefonoPrincipal,
    paginaweb,emailCorporativo,id_pais)
    VALUES
    (
    "Carré Rive Gauche",
    "La Asociación Carré Rive Gauche nació en 1976 y hoy aglutina a un centenar de galerías y anticuarios que se diseminan del 7 al 16 de junio por el barrio de Saint-Germain-des-Prés de París. Un paseo por sus espacios pone a nuestro alcance 7.000 años de historia de las artes decorativas. Este mes los asociados proponen exposiciones temáticas inspiradas en el tema de La dolce vita. El viaje comienza en la antigüedad con estatuas griegas, etruscas o romanas y sigue con el mobiliario de Alta Época y las esculturas policromadas del Renacimiento. ",
    1976,
    'nacional',
    'otro',
    '+33 01 42607010',
    'https://www.carrerivegauche.com/',
    'presse@carrerivegauche.com',
    28
    );

INSERT INTO caj_contactos
    (id_organizacion,dni,nombre,segundoNombre,apellido,segundoApellido,telefono,
    email,cargo)
    VALUES
    (
    4,
    '7474598',
    'luisa',
    NULL,
    'gonzalez',
    'ruiz',
    '+58 424789561',
    'luisa@gmai.com',
    'relaciones'
    );


INSERT INTO caj_organizaciones 
    (nombre,proposito,fundacion,alcance,tipo,telefonoPrincipal,
    paginaweb,emailCorporativo,id_pais)
    VALUES
    (
    "Numisfila C.A.",
    "Somos una empresa al servicio del coleccionista. Nuestro portafolio de productos incluye una amplia gama de categorías de caj_monedas, billetes, estampillas, barajitas, memorabilia, de Venezuela y del mundo, accesorios y otros artículos relacionados.

Aspiramos a ser reconocidos por nuestros clientes como una alternativa segura y confiable. Nuestra meta es desarrollar un sitio de encuentro y consulta dinámico, un espacio interactivo brindando apoyo al fomento y difusión del maravilloso arte de coleccionar.

Siempre estaremos abiertos a recibir cualquier tipo de sugerencias y comentarios, para así lograr un intercambio de información e ideas que le permita a nuestros clientes alcanzar sus metas y que nos permita crecer junto a ellos.",
    2000,
    'nacional',
    'tienda',
    '+58 212 7611952',
    'https://www.numisfila.com/',
    'numisfila@gmail.com',
    69
    );

INSERT INTO caj_contactos
    (id_organizacion,dni,nombre,segundoNombre,apellido,segundoApellido,telefono,
    email,cargo)
    VALUES
    (
    5,
    '123598',
    'filomena',
    NULL,
    'gonzalez',
    'ruiz',
    '+58 424789234',
    'filomena@gmai.com',
    'relaciones'
    );

INSERT INTO caj_organizaciones 
    (nombre,proposito,fundacion,alcance,tipo,telefonoPrincipal,
    paginaweb,emailCorporativo,id_pais)
    VALUES
    (
    "FINUMAS- Filatelia y Numismatica",
    "FINUMAS (Filatelia Numismática Miguel Ángel Salvador) empieza su andadura en el mercado del coleccionismo en el año 1957, bajo el nombre de Filatelia M. Salvador en la céntrica calle madrileña de Carretas nº 10. En 1974 pasa a llamarse FINUMAS. Amplia su actividad filatélica con las nuevas tendencias del coleccionismo (numismática y notafilia) y crea la marca líder en diversidad de artículos numismáticos españoles: PRONUMAS.

Varía a su vez su ubicación, a la calle Gonzalo de Córdoba nº 5 actualmente, en la que ya es la tercera generación dedicada a la venta de todo tipo de artículos numismáticos y filatélicos, tanto al por mayor como a particulares, nos ponemos una vez mas a su disposición para intentar satisfacer al coleccionista mas exigente.",
    1954,
    'nacional',
    'tienda',
    '+34 914 479424',
    'https://finumas.es/',
    'info@finumas.es',
    22
    );

INSERT INTO caj_contactos
    (id_organizacion,dni,nombre,segundoNombre,apellido,segundoApellido,telefono,
    email,cargo)
    VALUES
    (
    6,
    '747123',
    'jose',
    NULL,
    'gonzalez',
    'ruiz',
    '+58 424782361',
    'jose@gmail.com',
    'relaciones'
    );

INSERT INTO caj_Catalogo_Moneda_Tienda
    (id_moneda,nur,id_coleccionista,id_organizacion)
    VALUES
    (
    1,
    10000,
    NULL,    
    1
    );

INSERT INTO caj_Catalogo_Moneda_Tienda
    (id_moneda,nur,id_coleccionista,id_organizacion)
    VALUES
    (
    2,
    10001,
    NULL,    
    1
    );

INSERT INTO caj_Catalogo_Moneda_Tienda
    (id_moneda,nur,id_coleccionista,id_organizacion)
    VALUES
    (
    3,
    10002,
    NULL,    
    1
    );

INSERT INTO caj_Catalogo_Moneda_Tienda
    (id_moneda,nur,id_coleccionista,id_organizacion)
    VALUES
    (
    4,
    10003,
    1,    
    NULL
    );

    INSERT INTO caj_Catalogo_Moneda_Tienda
    (id_moneda,nur,id_coleccionista,id_organizacion)
    VALUES
    (
    5,
    10004,
    1,    
    NULL
    );

    INSERT INTO caj_Catalogo_Moneda_Tienda
    (id_moneda,nur,id_coleccionista,id_organizacion)
    VALUES
    (
    6,
    10005,
    NULL,    
    2
    );

INSERT INTO caj_Catalogo_Moneda_Tienda
    (id_moneda,nur,id_coleccionista,id_organizacion)
    VALUES
    (
    7,
    10006,
    NULL,    
    3
    );

INSERT INTO caj_Catalogo_Moneda_Tienda
    (id_moneda,nur,id_coleccionista,id_organizacion)
    VALUES
    (
    8,
    10007,
    NULL,    
    3
    );

INSERT INTO caj_Catalogo_Moneda_Tienda
    (id_moneda,nur,id_coleccionista,id_organizacion)
    VALUES
    (
    9,
    10008,
    NULL,    
    3
    );

INSERT INTO caj_Catalogo_Moneda_Tienda
    (id_moneda,nur,id_coleccionista,id_organizacion)
    VALUES
    (
    10,
    10009,
    NULL,    
    4
    );

INSERT INTO caj_Catalogo_Moneda_Tienda
    (id_moneda,nur,id_coleccionista,id_organizacion)
    VALUES
    (
    11,
    10010,
    NULL,    
    4
    );

INSERT INTO caj_Catalogo_Moneda_Tienda
    (id_moneda,nur,id_coleccionista,id_organizacion)
    VALUES
    (
    12,
    10011,
    NULL,    
    4
    );

INSERT INTO caj_Catalogo_Moneda_Tienda
    (id_moneda,nur,id_coleccionista,id_organizacion)
    VALUES
    (
    13,
    10012,
    NULL,    
    5
    );

INSERT INTO caj_Catalogo_Moneda_Tienda
    (id_moneda,nur,id_coleccionista,id_organizacion)
    VALUES
    (
    14,
    10013,
    NULL,    
    5
    );

INSERT INTO caj_Catalogo_Moneda_Tienda
    (id_moneda,nur,id_coleccionista,id_organizacion)
    VALUES
    (
    15,
    10014,
    NULL,    
    5
    );

INSERT INTO caj_Catalogo_Moneda_Tienda
    (id_moneda,nur,id_coleccionista,id_organizacion)
    VALUES
    (
    16,
    10015,
    NULL,    
    6
    );

INSERT INTO caj_Catalogo_Moneda_Tienda
    (id_moneda,nur,id_coleccionista,id_organizacion)
    VALUES
    (
    17,
    10016,
    NULL,    
    6
    );

INSERT INTO caj_Catalogo_Moneda_Tienda
    (id_moneda,nur,id_coleccionista,id_organizacion)
    VALUES
    (
    18,
    10017,
    NULL,    
    6
    );


INSERT INTO caj_Catalogo_Pintura_Tienda
    (nur,titulo,dimensionescm,estilo,ano,imagen,id_coleccionista,id_organizacion)
    VALUES
    (
        10020,
        'Meules, milieu du jour',
        '65.6 x 100.6',
        'impresionismo',
        1890,
        NULL,
        NULL,
        1
    );

INSERT INTO caj_artistas
            (nombre,apellido,nombreArtistico)
        VALUES
        ("Claude"," Monet",NULL);

INSERT INTO caj_P_A
        (id_pintura, id_artista)
        VALUES
        (10020,18); 

INSERT INTO caj_Catalogo_Pintura_Tienda
    (nur,titulo,dimensionescm,estilo,ano,imagen,id_coleccionista,id_organizacion)
    VALUES
    (
        10021,
        'Buffalo II',
        '243.8 x 183.8',
        'postguerra',
        1864,
        NULL,
        1,
        NULL
    );

INSERT INTO caj_artistas
        (nombre,apellido,nombreArtistico)
        VALUES
        ("Robert"," Rauschenberg",NULL);

INSERT INTO caj_P_A
        (id_pintura, id_artista)
        VALUES
        (10021,19);

INSERT INTO caj_Catalogo_Pintura_Tienda
    (nur,titulo,dimensionescm,estilo,ano,imagen,id_coleccionista,id_organizacion)
    VALUES
    (
        10022,
        'Bouilloire Et Fruits',
        '48.6 x 60',
        'nature morte',
        1890,
        NULL,
        1,
        NULL
    );

INSERT INTO caj_artistas
        (nombre,apellido,nombreArtistico)
        VALUES
        ("Paul"," Cezanne",NULL);

INSERT INTO caj_P_A
        (id_pintura, id_artista)
        VALUES
        (10022,20);
    
INSERT INTO caj_Catalogo_Pintura_Tienda
    (nur,titulo,dimensionescm,estilo,ano,imagen,id_coleccionista,id_organizacion)
    VALUES
    (
        10023,
        'Femme au Chien',
        '162 × 130',
        'expresionismo',
        1962,
        NULL,
        1,
        NULL
    );

INSERT INTO caj_artistas
        (nombre,apellido,nombreArtistico)
        VALUES
        ("Pablo","Picasso",NULL);

INSERT INTO caj_P_A
        (id_pintura, id_artista)
        VALUES
        (10023,21);
    
INSERT INTO caj_Catalogo_Pintura_Tienda
    (nur,titulo,dimensionescm,estilo,ano,imagen,id_coleccionista,id_organizacion)
    VALUES
    (
        10024,
        'Double Elvis',
        '210.8 x 134.6',
        'postguerra',
        1963,
        NULL,
        NULL,
        2
    );
INSERT INTO caj_artistas
        (nombre,apellido,nombreArtistico)
        VALUES
        ("Andy","Warhol",NULL);

INSERT INTO caj_P_A
        (id_pintura, id_artista)
        VALUES
        (10024,22);

INSERT INTO caj_Catalogo_Pintura_Tienda
    (nur,titulo,dimensionescm,estilo,ano,imagen,id_coleccionista,id_organizacion)
    VALUES
    (
        10025,
        'Hurting the Word Radio #2',
        '150 x 140.3 ',
        'potguerra',
        1964,
        NULL,
        NULL,
        2
    );

INSERT INTO caj_artistas
        (nombre,apellido,nombreArtistico)
        VALUES
        ("Ed","Ruscha",NULL);

INSERT INTO caj_P_A
        (id_pintura, id_artista)
        VALUES
        (10025,23);

INSERT INTO caj_Catalogo_Pintura_Tienda
    (nur,titulo,dimensionescm,estilo,ano,imagen,id_coleccionista,id_organizacion)
    VALUES
    (
        10026,
        'Study for a Head',
        '66 x 56',
        'expresionismo',
        1952,
        NULL,
        NULL,
        3
    );

INSERT INTO caj_artistas
        (nombre,apellido,nombreArtistico)
        VALUES
        ("Francis","Bacon",NULL);

INSERT INTO caj_P_A
        (id_pintura, id_artista)
        VALUES
        (10026,24);

INSERT INTO caj_Catalogo_Pintura_Tienda
    (nur,titulo,dimensionescm,estilo,ano,imagen,id_coleccionista,id_organizacion)
    VALUES
    (
        10027,
        'Untitled (Black on Gray)',
        '203,3 × 175,5',
        'expresionismo abstracto',
        1970,
        NULL,
        NULL,
        3
    );

INSERT INTO caj_artistas
        (nombre,apellido,nombreArtistico)
        VALUES
        ("Mark","Rothko",NULL);

INSERT INTO caj_P_A
        (id_pintura, id_artista)
        VALUES
        (10027,25);
    
INSERT INTO caj_Catalogo_Pintura_Tienda
    (nur,titulo,dimensionescm,estilo,ano,imagen,id_coleccionista,id_organizacion)
    VALUES
    (
        10028,
        'A Watershed Moment for David Hockney',
        '213.4 x 304.8',
        'postimpresionismo',
        1969,
        NULL,
        NULL,
        3
    );

INSERT INTO caj_artistas
        (nombre,apellido,nombreArtistico)
        VALUES
        ("Henry","Geldzahler",NULL);

INSERT INTO caj_P_A
        (id_pintura, id_artista)
        VALUES
        (10028,26);

INSERT INTO caj_artistas
        (nombre,apellido,nombreArtistico)
        VALUES
        ("Christopher","Scott",NULL);

INSERT INTO caj_P_A
        (id_pintura, id_artista)
        VALUES
        (10028,27);

INSERT INTO caj_Catalogo_Pintura_Tienda
    (nur,titulo,dimensionescm,estilo,ano,imagen,id_coleccionista,id_organizacion)
    VALUES
    (
        10029,
        'Interchange',
        '200.7 × 175.3',
        'expresionismo abstracto',
        1955,
        NULL,
        NULL,
        4
    );

INSERT INTO caj_artistas
        (nombre,apellido,nombreArtistico)
        VALUES
        ("Willem","de Kooning",NULL);

INSERT INTO caj_P_A
        (id_pintura, id_artista)
        VALUES
        (10029,28);


INSERT INTO caj_Catalogo_Pintura_Tienda
    (nur,titulo,dimensionescm,estilo,ano,imagen,id_coleccionista,id_organizacion)
    VALUES
    (
        10030,
        'Les Joueurs de cartes',
        '47,5 × 57',
        'postimpresionismo',
        1895,
        NULL,
        NULL,
        4
    );

INSERT INTO caj_P_A
        (id_pintura, id_artista)
        VALUES
        (10030,20);

INSERT INTO caj_Catalogo_Pintura_Tienda
    (nur,titulo,dimensionescm,estilo,ano,imagen,id_coleccionista,id_organizacion)
    VALUES
    (
        10031,
        "Les femmes d'Alger ver. 'O' ",
        '114 × 146.4',
        'expresionismo abstracto',
        1955,
        NULL,
        NULL,
        4
    );

INSERT INTO caj_P_A
        (id_pintura, id_artista)
        VALUES
        (10031,21);

INSERT INTO caj_Catalogo_Pintura_Tienda
    (nur,titulo,dimensionescm,estilo,ano,imagen,id_coleccionista,id_organizacion)
    VALUES
    (
        10032,
        "El sueño",
        '130 × 97',
        'surrealismo',
        1932,
        NULL,
        NULL,
        5
    );

INSERT INTO caj_P_A
        (id_pintura, id_artista)
        VALUES
        (10032,21);

INSERT INTO caj_Catalogo_Pintura_Tienda
    (nur,titulo,dimensionescm,estilo,ano,imagen,id_coleccionista,id_organizacion)
    VALUES
    (
        10033,
        "Salvator Mundi",
        '45.4 × 65.6',
        'alto renacimiento',
        1500,
        NULL,
        NULL,
        5
    );

INSERT INTO caj_artistas
        (nombre,apellido,nombreArtistico)
        VALUES
        ("Leonardo","da Vinci",NULL);

INSERT INTO caj_P_A
        (id_pintura, id_artista)
        VALUES
        (10033,29);

INSERT INTO caj_Catalogo_Pintura_Tienda
    (nur,titulo,dimensionescm,estilo,ano,imagen,id_coleccionista,id_organizacion)
    VALUES
    (
        10034,
        "El grito",
        '91 × 74',
        'expresionismo',
        1893,
        NULL,
        NULL,
        5
    );

INSERT INTO caj_artistas
        (nombre,apellido,nombreArtistico)
        VALUES
        ("Edvard","Munch",NULL);

INSERT INTO caj_P_A
        (id_pintura, id_artista)
        VALUES
        (10034,30);

INSERT INTO caj_Catalogo_Pintura_Tienda
    (nur,titulo,dimensionescm,estilo,ano,imagen,id_coleccionista,id_organizacion)
    VALUES
    (
        10035,
        "Retrato del doctor Gachet",
        '68 × 57',
        'postimpresionismo',
        1890,
        NULL,
        NULL,
        6
    );

INSERT INTO caj_artistas
        (nombre,apellido,nombreArtistico)
        VALUES
        ("Vincent","van Gogh",NULL);

INSERT INTO caj_P_A
        (id_pintura, id_artista)
        VALUES
        (10035,31);

INSERT INTO caj_Catalogo_Pintura_Tienda
    (nur,titulo,dimensionescm,estilo,ano,imagen,id_coleccionista,id_organizacion)
    VALUES
    (
        10036,
        "Three Studies of Lucian Freud A",
        '198 × 147.5',
        'postimpresionismo',
        1969,
        NULL,
        NULL,
        6
    );

INSERT INTO caj_artistas
        (nombre,apellido,nombreArtistico)
        VALUES
        ("Francis","Bacon",NULL);

INSERT INTO caj_P_A
        (id_pintura, id_artista)
        VALUES
        (10036,32);

INSERT INTO caj_Catalogo_Pintura_Tienda
    (nur,titulo,dimensionescm,estilo,ano,imagen,id_coleccionista,id_organizacion)
    VALUES
    (
        10037,
        "No. 5, 1948",
        '240 × 120',
        'expresionismo abstracto',
        1948,
        NULL,
        1,
        NULL
    );
     

INSERT INTO caj_artistas
        (nombre,apellido,nombreArtistico)
        VALUES
        ("Jackson","Pollock",NULL);

INSERT INTO caj_P_A
        (id_pintura, id_artista)
        VALUES
        (10037,33);


UPDATE caj_Catalogo_Pintura_Tienda SET id_coleccionista = 1, id_organizacion = NULL 
WHERE nur = 10037;

INSERT INTO caj_coleccionistas 
    (dni,nombre,segundoNombre,apellido,segundoApellido,telefono,email,
    fechaNacimiento,id_pais_nacio,id_pais_reside)
    VALUES
    (
        '30322538',
        'Yuliana',
        'Andrea',
        'Osuna',
        'Piñero',
        '+58 4267343348',
        'yulianaosuna@yopmail.com',
        '1993-11-03',
        69,
        69
    );

INSERT INTO caj_coleccionistas 
    (dni,nombre,segundoNombre,apellido,segundoApellido,telefono,email,
    fechaNacimiento,id_pais_nacio,id_pais_reside)
    VALUES
    (
        '7272541',
        'Andrés',
        'Eduardo',
        'Osuna',
        'Sanabria',
        '+58 4267343342',
        'candresosuna@yopmail.com',
        '1968-01-03',
        69,
        69
    );

INSERT INTO caj_coleccionistas 
    (dni,nombre,segundoNombre,apellido,segundoApellido,telefono,email,
    fechaNacimiento,id_pais_nacio,id_pais_reside)
    VALUES
    (
        '27671182',
        'bryant',
        'mckale',
        'mitchell',
        'cisneros',
        '+58 4267343353',
        'bratik121@yopmail.com',
        '1993-01-03',
        69,
        69
    );

INSERT INTO caj_coleccionistas 
    (dni,nombre,segundoNombre,apellido,segundoApellido,telefono,email,
    fechaNacimiento,id_pais_nacio,id_pais_reside)
    VALUES
    (
        '28303703',
        'alfredo',
        'santiago',
        'gonzalez',
        'salazar',
        '+58 4262016960',
        'alfredosantiago2014@yopmail.com',
        '1993-01-03',
        69,
        69
    );

INSERT INTO caj_coleccionistas 
    (dni,nombre,segundoNombre,apellido,segundoApellido,telefono,email,
    fechaNacimiento,id_pais_nacio,id_pais_reside)
    VALUES
    (
        '29698518',
        'jose',
        'antonio',
        'di pietro',
        'zambrano',
        '+58 4262016360',
        'dijose29@yopmail.com',
        '1993-01-03',
        69,
        69
    );

INSERT INTO caj_coleccionistas 
    (dni,nombre,segundoNombre,apellido,segundoApellido,telefono,email,
    fechaNacimiento,id_pais_nacio,id_pais_reside)
    VALUES
    (
        '7852645',
        'tomás',
        'de jesus',
        'sanchéz',
        'de acebay',
        '+58 4264518652',
        'tomassanchezacebey@yopmail.com',
        '1993-01-03',
        69,
        69
    );

INSERT INTO caj_coleccionistas 
    (dni,nombre,segundoNombre,apellido,segundoApellido,telefono,email,
    fechaNacimiento,id_pais_nacio,id_pais_reside)
    VALUES
    (
        '7452522',
        'carlos',
        'josé',
        'arriaga',
        'ruiz',
        '+58 4264563',
        'arriaga1410@yopmail.com',
        '1993-01-03',
        69,
        69
    );

INSERT INTO caj_clientes
    (fechaIngreso,id_coleccionista,id_organizacion)
    VALUES
    (
        '2021-07-1',
        1,
        1
    ); 

INSERT INTO caj_clientes
    (fechaIngreso,id_coleccionista,id_organizacion)
    VALUES
    (
        '2021-07-1',
        1,
        2
    );

INSERT INTO caj_clientes
    (fechaIngreso,id_coleccionista,id_organizacion)
    VALUES
    (
        '2021-07-1',
        2,
        1
    );  

INSERT INTO caj_clientes
    (fechaIngreso,id_coleccionista,id_organizacion)
    VALUES
    (
        '2021-07-1',
        2,
        3
    ); 

INSERT INTO caj_clientes
    (fechaIngreso,id_coleccionista,id_organizacion)
    VALUES
    (
        '2021-07-1',
        3,
        4
    ); 

INSERT INTO caj_clientes
    (fechaIngreso,id_coleccionista,id_organizacion)
    VALUES
    (
        '2021-07-1',
        4,
        1
    );

INSERT INTO caj_clientes
    (fechaIngreso,id_coleccionista,id_organizacion)
    VALUES
    (
        '2021-07-1',
        5,
        1
    );

INSERT INTO caj_clientes
    (fechaIngreso,id_coleccionista,id_organizacion)
    VALUES
    (
        '2021-07-1',
        6,
        1
    );

INSERT INTO caj_clientes
    (fechaIngreso,id_coleccionista,id_organizacion)
    VALUES
    (
        '2021-07-1',
        7,
        1
    );


-- ID EVENTO 1
INSERT INTO caj_eventos
    (inscripcionCliente,inscripcionClienteNuevo,fecha,
    status,tipo,tipoPuja,duracionHoras,lugar,id_pais)
    VALUES
    (
    150,
    250,
    '2021-07-29',
    'realizado',
    'virtual',
    'ascendente',
    5,
    'ucab',
    69);

INSERT INTO caj_planificadores
    (id_evento,id_organizacion)
    VALUES
    (1,1);

-- ID EVENTO 2
INSERT INTO caj_eventos
    (inscripcionCliente,inscripcionClienteNuevo,fecha,
    status,tipo,tipoPuja,duracionHoras,lugar,id_pais)
    VALUES
    (500,
    700,
    '2021-07-25',
    'realizado',
    'presencial',
    'sobre cerrado',
    6,
    'Torre el silecio',
    69);

-- ID EVENTO 3
INSERT INTO caj_eventos
    (inscripcionCliente,inscripcionClienteNuevo,fecha,
    status,tipo,tipoPuja,duracionHoras,lugar,id_pais)
    VALUES
    (500,
    700,
    '2021-07-18',
    'realizado',
    'presencial',
    'sobre cerrado',
    6,
    'Torre el silecio',
    69);

INSERT INTO caj_planificadores
    (id_evento,id_organizacion)
    VALUES
    (2,1);

INSERT INTO caj_planificadores
    (id_evento,id_organizacion)
    VALUES
    (3,1);

INSERT INTO caj_participantes
    (id_evento,fechaIngresoCliente,id_coleccionista_cliente,
    id_organizacion_cliente,id_pais)
    VALUES
    (1,'2021-07-1',1,1,69);

INSERT INTO caj_participantes
    (id_evento,fechaIngresoCliente,id_coleccionista_cliente,
    id_organizacion_cliente,id_pais)
    VALUES
    (2,'2021-07-1',1,1,69);

INSERT INTO caj_participantes
    (id_evento,fechaIngresoCliente,id_coleccionista_cliente,
    id_organizacion_cliente,id_pais)
    VALUES
    (3,'2021-07-1',1,1,69);


INSERT INTO caj_participantes
    (id_evento,fechaIngresoCliente,id_coleccionista_cliente,
    id_organizacion_cliente,id_pais)
    VALUES
    (1,'2021-07-1',2,1,69);

INSERT INTO caj_participantes
    (id_evento,fechaIngresoCliente,id_coleccionista_cliente,
    id_organizacion_cliente,id_pais)
    VALUES
    (2,'2021-07-1',2,1,69);

INSERT INTO caj_participantes
    (id_evento,fechaIngresoCliente,id_coleccionista_cliente,
    id_organizacion_cliente,id_pais)
    VALUES
    (3,'2021-07-1',2,1,69);

INSERT INTO caj_costoEnvios 
    (id_evento,costoExtra,id_pais)
    VALUES
    (1,100,69);

INSERT INTO caj_facturas
    (fechaEmision,total,fechaIngresoParticipante,id_coleccionistaParticipante,
    id_organizacionParticipante,id_evento)
    VALUES
    ('2021-07-18',500,'2021-07-1',1,1,3);


-- LISTA OBJETOS 1
INSERT INTO caj_Lista_Objetos
    (id_evento,id_eventoParticipante,
    id_pintura,nur_moneda,id_moneda,
    porcentajeGananciaMin,bid,ask,precioAlcanzado,orden,
    duracionmin,razonNoVenta,fechaIngresoParticipante,id_coleccionistaParticipante,
    id_organizacionParticipante)
    VALUES
    (3,
    3,
    10037,
    NULL,
    NULL,
    50,
    500,
    200,
    500,
    1,
    40,
    NULL,
    '2021-07-1',
    1,
    1);

INSERT INTO caj_detFacturas
    (id_evento,id_objeto,numeroFactura,precio)
    VALUES
    (3,1,1,500);

-- evento 4
INSERT INTO caj_eventos
    (inscripcionCliente,inscripcionClienteNuevo,fecha,
    status,tipo,tipoPuja,duracionHoras,lugar,id_pais)
    VALUES
    (500,
    700,
    '2021-07-29',
    'pendiente',
    'presencial',
    'sobre cerrado',
    6,
    'Torre el silecio',
    69);

    INSERT INTO caj_planificadores
    (id_evento,id_organizacion)
    VALUES
    (4,2);

-- evento 5
INSERT INTO caj_eventos
    (inscripcionCliente,inscripcionClienteNuevo,fecha,
    status,tipo,tipoPuja,duracionHoras,lugar,id_pais)
    VALUES
    (5000,
    7000,
    '2021-08-16',
    'pendiente',
    'presencial',
    'ascendente',
    6,
    'Tolón',
    69);

    INSERT INTO caj_planificadores
    (id_evento,id_organizacion)
    VALUES
    (5,1);

INSERT INTO caj_planificadores
    (id_evento,id_organizacion)
    VALUES
    (5,2);


-- evento 6
INSERT INTO caj_eventos
    (inscripcionCliente,inscripcionClienteNuevo,fecha,
    status,tipo,tipoPuja,duracionHoras,lugar,id_pais)
    VALUES
    (5000,
    7000,
    '2021-08-1',
    'realizado',
    'presencial',
    'ascendente',
    6,
    'San Ignacio',
    69);

INSERT INTO caj_planificadores
    (id_evento,id_organizacion)
    VALUES
    (6,1);

INSERT INTO caj_planificadores
    (id_evento,id_organizacion)
    VALUES
    (6,2);

INSERT INTO caj_participantes
    (id_evento,fechaIngresoCliente,id_coleccionista_cliente,
    id_organizacion_cliente,id_pais)
    VALUES
    (4,'2021-07-1',1,2,69);

INSERT INTO caj_participantes
    (id_evento,fechaIngresoCliente,id_coleccionista_cliente,
    id_organizacion_cliente,id_pais)
    VALUES
    (6,'2021-07-1',1,2,69);

INSERT INTO caj_participantes
    (id_evento,fechaIngresoCliente,id_coleccionista_cliente,
    id_organizacion_cliente,id_pais)
    VALUES
    (6,'2021-07-1',1,1,69);




-- LISTA OBJETOS 2
INSERT INTO caj_Lista_Objetos
    (id_evento,id_eventoParticipante,
    id_pintura,nur_moneda,id_moneda,
    porcentajeGananciaMin,bid,ask,precioAlcanzado,orden,
    duracionmin,razonNoVenta,fechaIngresoParticipante,id_coleccionistaParticipante,
    id_organizacionParticipante)
    VALUES
    (1,
    NULL,
    NULL,
    10000,
    1,
    50,
    50,
    200,
    50,
    1,
    40,
    'inferior al ask',
    NULL,
    NULL,
    NULL);

-- LISTA OBJETOS 3
INSERT INTO caj_Lista_Objetos
    (id_evento,id_eventoParticipante,
    id_pintura,nur_moneda,id_moneda,
    porcentajeGananciaMin,bid,ask,precioAlcanzado,orden,
    duracionmin,razonNoVenta,fechaIngresoParticipante,id_coleccionistaParticipante,
    id_organizacionParticipante)
    VALUES
    (1,
    NULL,
    NULL,
    10001,
    2,
    50,
    0,
    200,
    0,
    2,
    40,
    'sin ofertas',
    NULL,
    NULL,
    NULL);

-- LISTA OBJETOS 4
INSERT INTO caj_Lista_Objetos
    (id_evento,id_eventoParticipante,
    id_pintura,nur_moneda,id_moneda,
    porcentajeGananciaMin,bid,ask,precioAlcanzado,orden,
    duracionmin,razonNoVenta,fechaIngresoParticipante,id_coleccionistaParticipante,
    id_organizacionParticipante)
    VALUES
    (1,
    NULL,
    10020,
    NULL,
    NULL,
    50,
    0,
    200,
    0,
    3,
    40,
    'sin ofertas',
    NULL,
    NULL,
    NULL);

-- EVENTO 2

-- LISTA OBJETOS 5
INSERT INTO caj_Lista_Objetos
    (id_evento,id_eventoParticipante,
    id_pintura,nur_moneda,id_moneda,
    porcentajeGananciaMin,bid,ask,precioAlcanzado,orden,
    duracionmin,razonNoVenta,fechaIngresoParticipante,id_coleccionistaParticipante,
    id_organizacionParticipante)
    VALUES
    (2,
    NULL,
    NULL,
    10002,
    3,
    50,
    40,
    200,
    40,
    1,
    40,
    'inferior al ask',
    NULL,
    NULL,
    NULL);

-- LISTA OBJETOS 6
INSERT INTO caj_Lista_Objetos
    (id_evento,id_eventoParticipante,
    id_pintura,nur_moneda,id_moneda,
    porcentajeGananciaMin,bid,ask,precioAlcanzado,orden,
    duracionmin,razonNoVenta,fechaIngresoParticipante,id_coleccionistaParticipante,
    id_organizacionParticipante)
    VALUES
    (2,
    2,
    NULL,
    10003,
    4,
    50,
    400,
    200,
    400,
    1,
    40,
    NULL,
    '2021-07-1',
    1,
    1);
INSERT INTO caj_facturas
    (fechaEmision,total,fechaIngresoParticipante,id_coleccionistaParticipante,
    id_organizacionParticipante,id_evento)
    VALUES
    ('2021-07-25',400,'2021-07-1',1,1,2);

INSERT INTO caj_detFacturas
    (id_evento,id_objeto,numeroFactura,precio)
    VALUES
    (2,6,2,400);


-- EVENTO 4
-- LISTA OBJETOS 7
INSERT INTO caj_Lista_Objetos
    (id_evento,id_eventoParticipante,
    id_pintura,nur_moneda,id_moneda,
    porcentajeGananciaMin,bid,ask,precioAlcanzado,orden,
    duracionmin,razonNoVenta,fechaIngresoParticipante,id_coleccionistaParticipante,
    id_organizacionParticipante)
    VALUES
    (4,
    4,
    10021,
    NULL,
    NULL,
    50,
    750,
    200,
    750,
    1,
    40,
    NULL,
    '2021-07-1',
    1,
    2);

INSERT INTO caj_facturas
    (fechaEmision,total,fechaIngresoParticipante,id_coleccionistaParticipante,
    id_organizacionParticipante,id_evento)
    VALUES
    ('2021-07-29',750,'2021-07-1',1,2,4);

INSERT INTO caj_detFacturas
    (id_evento,id_objeto,numeroFactura,precio)
    VALUES
    (4,7,3,750);


-- EVENTO 6
-- LISTA OBJETOS 8
INSERT INTO caj_Lista_Objetos
    (id_evento,id_eventoParticipante,
    id_pintura,nur_moneda,id_moneda,
    porcentajeGananciaMin,bid,ask,precioAlcanzado,orden,
    duracionmin,razonNoVenta,fechaIngresoParticipante,id_coleccionistaParticipante,
    id_organizacionParticipante)
    VALUES
    (6,
    6,
    NULL,
    10004,
    5,
    50,
    750,
    200,
    750,
    1,
    40,
    NULL,
    '2021-07-1',
    1,
    1);

-- LISTA OBJETOS 9
INSERT INTO caj_Lista_Objetos
    (id_evento,id_eventoParticipante,
    id_pintura,nur_moneda,id_moneda,
    porcentajeGananciaMin,bid,ask,precioAlcanzado,orden,
    duracionmin,razonNoVenta,fechaIngresoParticipante,id_coleccionistaParticipante,
    id_organizacionParticipante)
    VALUES
    (6,
    6,
    10022,
    NULL,
    NULL,
    50,
    890,
    200,
    890,
    2,
    40,
    NULL,
    '2021-07-1',
    1,
    1);

INSERT INTO caj_facturas
    (fechaEmision,total,fechaIngresoParticipante,id_coleccionistaParticipante,
    id_organizacionParticipante,id_evento)
    VALUES
    ('2021-08-1',1640,'2021-07-1',1,1,6);
-- Factura y det Factura
INSERT INTO caj_detFacturas
    (id_evento,id_objeto,numeroFactura,precio)
    VALUES
    (6,8,4,750);

INSERT INTO caj_detFacturas
    (id_evento,id_objeto,numeroFactura,precio)
    VALUES
    (6,9,4,890);


-- LISTA OBJETOS 10
INSERT INTO caj_Lista_Objetos
    (id_evento,id_eventoParticipante,
    id_pintura,nur_moneda,id_moneda,
    porcentajeGananciaMin,bid,ask,precioAlcanzado,orden,
    duracionmin,razonNoVenta,fechaIngresoParticipante,id_coleccionistaParticipante,
    id_organizacionParticipante)
    VALUES
    (6,
    6,
    10023,
    NULL,
    NULL,
    50,
    720,
    200,
    720,
    2,
    40,
    NULL,
    '2021-07-1',
    1,
    2);
INSERT INTO caj_facturas
    (fechaEmision,total,fechaIngresoParticipante,id_coleccionistaParticipante,
    id_organizacionParticipante,id_evento)
    VALUES
    ('2021-08-1',720,'2021-07-1',1,2,6);

INSERT INTO caj_detFacturas
    (id_evento,id_objeto,numeroFactura,precio)
    VALUES
    (6,10,5,720);
